{"cameraMode":{"drawMode":0,"name":"Shaded","section":"Shading Mode"},"sceneLighting":true,"audioPlay":false,"sceneViewState":{"m_AlwaysRefresh":false,"showFog":true,"showSkybox":true,"showFlares":true,"showImageEffects":true,"showParticleSystems":true,"showVisualEffectGraphs":true,"m_FxEnabled":true},"in2DMode":false,"pivot":{"x":-0.8290765285491943,"y":-11.982860565185547,"z":10.067005157470704},"rotation":{"x":-0.41110605001449587,"y":0.06472320854663849,"z":-0.029277604073286058,"w":-0.9088143110275269},"size":21.4110050201416,"orthographic":false}